﻿<?xml version="1.0" encoding="utf-8" ?> 

<html xmlns="Quic.Bootstrap.dll"
      xmlns:core="Quic.Core.dll"
      xmlns:math="Quic.Ed.dll:Quic.Ed.Math"
      
      IgnoreAttributeCase="false"
      OutputFile="{core:HtmlFile ed.html}">

  <head>
    <UseBootstrap />
  </head>
  <body>
    <Form Build="Local" Orientation="Vertical">
      
      <Grid>
        <Row>
          <Column Span="100%">
            The symbol is called a radix. The small number to its left is called an index. And the main number it acts on is called
            a radicand. Have fun.<br />
            The cube root of 8,<math:Radix index="3" radicand="8" />, is 2.<br />
            Testing <math:Radix index="a" radicand="5x" />, <math:Radix index="ab" radicand="56xy" />,
            <math:Radix index="abcd" radicand="5678wxyz" />.
          </Column>
        </Row>
      </Grid>
    </Form>
  </body>
</html>