﻿<?xml version="1.0" encoding="utf-8" ?> 

<html xmlns="Quic.Bootstrap.dll"
      xmlns:core="Quic.Core.dll"
      
      IgnoreAttributeCase="false"
      OutputFile="{core:HtmlFile index.html}">

  <head>
    <UseBootstrap />
  </head>
  <body>
    <Form Build="Local" Orientation="Vertical" Icon="quic.png">
      
      <Menu Text="The QUIC Framework" Collapsible="true" Theme="dark" Position="fixedtop">
        <MI Link="">Introduction</MI>
        <MI Link="">A Little Back-Story</MI>
        <MI Link="">Advantages</MI>
        <MI Link="">Features</MI>
    
        <DropMenu Text="Creating Your Own Quic Elements" DropStyle="down">

          <MI Link="">What You Should Know</MI>
          <Divider />
          <MI Link="">Bootstrap</MI>
          <MI Link="">React</MI>
          <MI Link="">Angular</MI>
          <Divider />
          <Header Text="My Custom Quic Elements" />
          <MI Link="">Ed</MI>
          
        </DropMenu>
      </Menu>
      <br /><br /><br /><br />

      <br /><br /><br /><br />
      <Menu Text="Copyright &amp;copy; Franklin Chieze 2015" Collapsible="false" Theme="dark" Position="fixedbottom" />
    </Form>
  </body>
</html>